,Author,Year,User Rating,Reviews,Name,Price,Genre
0,Abraham Verghese,2010,4.6,4866,Cutting for Stone,11.0,Fiction
1,Abraham Verghese,2011,4.6,4866,Cutting for Stone,11.0,Fiction
2,Adam Gasiewski,2017,4.4,3113,Milk and Vine: Inspirational Quotes From Classic Vines,6.0,Non Fiction
3,Adam Mansbach,2011,4.8,9568,Go the F**k to Sleep,9.0,Fiction
4,Adir Levy,2019,4.8,8170,What Should Danny Do? (The Power to Choose Series),13.0,Fiction
5,Admiral William H. McRaven,2017,4.7,10199,Make Your Bed: Little Things That Can Change Your Life...And Maybe the World,11.0,Non Fiction
6,Adult Coloring Book Designs,2016,4.5,2313,"Adult Coloring Book Designs: Stress Relief Coloring Book: Garden Designs, Mandalas, Animals, and Paisley Patterns",4.0,Non Fiction
7,Alan Moore,2009,4.8,3829,Watchmen,42.0,Fiction
8,Alex Michaelides,2019,4.5,27536,The Silent Patient,14.0,Fiction
10,Allie Brosh,2013,4.7,4896,"Hyperbole and a Half: Unfortunate Situations, Flawed Coping Mechanisms, Mayhem, and Other Things That Happened",17.0,Non Fiction
11,American Psychiatric Association,2013,4.5,6679,"Diagnostic and Statistical Manual of Mental Disorders, 5th Edition: DSM-5",105.0,Non Fiction
12,American Psychiatric Association,2014,4.5,6679,"Diagnostic and Statistical Manual of Mental Disorders, 5th Edition: DSM-5",105.0,Non Fiction
13,American Psychological Association,2009,4.5,8580,"Publication Manual of the American Psychological Association, 6th Edition",46.0,Non Fiction
14,American Psychological Association,2010,4.5,8580,"Publication Manual of the American Psychological Association, 6th Edition",46.0,Non Fiction
15,American Psychological Association,2011,4.5,8580,"Publication Manual of the American Psychological Association, 6th Edition",46.0,Non Fiction
16,American Psychological Association,2012,4.5,8580,"Publication Manual of the American Psychological Association, 6th Edition",46.0,Non Fiction
17,American Psychological Association,2013,4.5,8580,"Publication Manual of the American Psychological Association, 6th Edition",46.0,Non Fiction
18,American Psychological Association,2014,4.5,8580,"Publication Manual of the American Psychological Association, 6th Edition",46.0,Non Fiction
19,American Psychological Association,2015,4.5,8580,"Publication Manual of the American Psychological Association, 6th Edition",46.0,Non Fiction
20,American Psychological Association,2016,4.5,8580,"Publication Manual of the American Psychological Association, 6th Edition",46.0,Non Fiction
21,American Psychological Association,2017,4.5,8580,"Publication Manual of the American Psychological Association, 6th Edition",46.0,Non Fiction
22,American Psychological Association,2018,4.5,8580,"Publication Manual of the American Psychological Association, 6th Edition",46.0,Non Fiction
23,Amor Towles,2017,4.7,19699,A Gentleman in Moscow: A Novel,15.0,Fiction
24,Amy Ramos,2018,4.3,13061,The Complete Ketogenic Diet for Beginners: Your Essential Guide to Living the Keto Lifestyle,6.0,Non Fiction
25,Amy Ramos,2019,4.3,13061,The Complete Ketogenic Diet for Beginners: Your Essential Guide to Living the Keto Lifestyle,6.0,Non Fiction
26,Amy Shields,2019,4.8,7866,National Geographic Little Kids First Big Book of Why (National Geographic Little Kids First Big Books),11.0,Non Fiction
27,Andy Weir,2015,4.7,39459,The Martian,9.0,Fiction
28,Angie Grace,2015,4.6,1909,Balance (Angie's Extreme Stress Menders),11.0,Non Fiction
29,Angie Thomas,2018,4.8,9947,The Hate U Give,11.0,Fiction
30,Ann Voskamp,2011,4.6,3163,One Thousand Gifts: A Dare to Live Fully Right Where You Are,13.0,Non Fiction
31,Ann Voskamp,2012,4.6,3163,One Thousand Gifts: A Dare to Live Fully Right Where You Are,13.0,Non Fiction
32,Ann Whitford Paul,2017,4.8,16643,If Animals Kissed Good Night,4.0,Fiction
33,Ann Whitford Paul,2019,4.8,16643,If Animals Kissed Good Night,4.0,Fiction
34,Anthony Bourdain,2018,4.8,2507,Kitchen Confidential Updated Edition: Adventures in the Culinary Underbelly (P.S.),8.0,Non Fiction
35,Anthony Doerr,2014,4.6,36348,All the Light We Cannot See,14.0,Fiction
36,Anthony Doerr,2015,4.6,36348,All the Light We Cannot See,14.0,Fiction
37,Atul Gawande,2015,4.8,11113,Being Mortal: Medicine and What Matters in the End,15.0,Non Fiction
38,Audrey Niffenegger,2009,4.4,3759,The Time Traveler's Wife,6.0,Fiction
39,B. J. Novak,2014,4.8,8081,The Book with No Pictures,8.0,Fiction
40,B. J. Novak,2015,4.8,8081,The Book with No Pictures,8.0,Fiction
41,Bessel van der Kolk M.D.,2019,4.8,12361,"The Body Keeps the Score: Brain, Mind, and Body in the Healing of Trauma",12.0,Non Fiction
42,Bill Martin Jr.,2017,4.9,14344,"Brown Bear, Brown Bear, What Do You See?",5.0,Fiction
43,Bill Martin Jr.,2019,4.9,14344,"Brown Bear, Brown Bear, What Do You See?",5.0,Fiction
44,Bill O'Reilly,2011,4.7,9342,Killing Lincoln: The Shocking Assassination that Changed America Forever (Bill O'Reilly's Killing Series),10.0,Non Fiction
45,Bill O'Reilly,2012,4.6,8634,Killing Kennedy: The End of Camelot,25.0,Non Fiction
46,Bill O'Reilly,2012,4.7,9342,Killing Lincoln: The Shocking Assassination that Changed America Forever (Bill O'Reilly's Killing Series),10.0,Non Fiction
47,Bill O'Reilly,2013,4.5,11391,Killing Jesus (Bill O'Reilly's Killing Series),12.0,Non Fiction
48,Bill O'Reilly,2014,4.6,10927,Killing Patton: The Strange Death of World War II's Most Audacious General (Bill O'Reilly's Killing Series),6.0,Non Fiction
49,Bill O'Reilly,2015,4.6,5235,Killing Reagan: The Violent Assault That Changed a Presidency (Bill O'Reilly's Killing Series),5.0,Non Fiction
50,Bill O'Reilly,2016,4.8,8916,Killing the Rising Sun: How America Vanquished World War II Japan (Bill O'Reilly's Killing Series),6.0,Non Fiction
51,Bill Simmons,2009,4.7,858,The Book of Basketball: The NBA According to The Sports Guy,53.0,Non Fiction
52,Blue Star Coloring,2015,4.4,2951,Adult Coloring Book: Stress Relieving Patterns,6.0,Non Fiction
53,Blue Star Coloring,2015,4.6,2925,Adult Coloring Book: Stress Relieving Animal Designs,6.0,Non Fiction
54,Bob Woodward,2018,4.4,6042,Fear: Trump in the White House,2.0,Non Fiction
55,Brandon Stanton,2013,4.8,3490,Humans of New York,15.0,Non Fiction
56,Brandon Stanton,2014,4.8,3490,Humans of New York,15.0,Non Fiction
57,Brandon Stanton,2015,4.9,2812,Humans of New York : Stories,17.0,Non Fiction
58,Brené Brown,2013,4.8,1329,"Daring Greatly: How the Courage to Be Vulnerable Transforms the Way We Live, Love, Parent, and Lead",10.0,Non Fiction
59,Brian Kilmeade,2013,4.6,4799,George Washington's Secret Six: The Spy Ring That Saved the American Revolution,16.0,Non Fiction
60,Bruce Springsteen,2016,4.7,3729,Born to Run,18.0,Non Fiction
61,Carol S. Dweck,2014,4.6,5542,Mindset: The New Psychology of Success,10.0,Non Fiction
62,Carol S. Dweck,2015,4.6,5542,Mindset: The New Psychology of Success,10.0,Non Fiction
63,Carol S. Dweck,2016,4.6,5542,Mindset: The New Psychology of Success,10.0,Non Fiction
64,Celeste Ng,2018,4.5,25706,Little Fires Everywhere,12.0,Fiction
65,Charlaine Harris,2009,4.6,1541,Dead And Gone: A Sookie Stackhouse Novel (Sookie Stackhouse/True Blood),4.0,Fiction
66,Charlaine Harris,2009,4.7,973,Sookie Stackhouse,25.0,Fiction
67,Charlaine Harris,2010,4.3,1924,"Dead in the Family (Sookie Stackhouse/True Blood, Book 10)",8.0,Fiction
68,Charlaine Harris,2011,4.2,2094,"Dead Reckoning (Sookie Stackhouse/True Blood, Book 11)",4.0,Fiction
69,Charles Duhigg,2012,4.6,10795,The Power of Habit: Why We Do What We Do in Life and Business,21.0,Non Fiction
70,Charles Krauthammer,2013,4.7,7034,"Things That Matter: Three Decades of Passions, Pastimes and Politics [Deckled Edge]",15.0,Non Fiction
71,Cheryl Strayed,2012,4.4,17044,Wild: From Lost to Found on the Pacific Crest Trail,18.0,Non Fiction
72,Chip Gaines,2016,4.9,7861,The Magnolia Story,5.0,Non Fiction
73,Chip Heath,2010,4.6,1907,Switch: How to Change Things When Change Is Hard,13.0,Non Fiction
74,Chris Cleave,2010,4.1,1467,Little Bee: A Novel,10.0,Fiction
75,Chris Kyle,2015,4.6,15921,American Sniper: The Autobiography of the Most Lethal Sniper in U.S. Military History,9.0,Non Fiction
76,Chrissy Teigen,2016,4.7,4761,Cravings: Recipes for All the Food You Want to Eat: A Cookbook,16.0,Non Fiction
77,Christina Baker Kline,2014,4.6,21930,Orphan Train,11.0,Fiction
78,Christopher Paolini,2011,4.6,5299,Inheritance: Book IV (Inheritance Cycle),20.0,Fiction
79,Coloring Books for Adults,2015,4.5,2426,"Adult Coloring Books: A Coloring Book for Adults Featuring Mandalas and Henna Inspired Flowers, Animals, and Paisley…",8.0,Non Fiction
80,Craig Smith,2018,4.8,30183,The Wonky Donkey,4.0,Fiction
81,Craig Smith,2019,4.8,30183,The Wonky Donkey,4.0,Fiction
82,Crispin Boyer,2019,4.8,5347,"National Geographic Kids Why?: Over 1,111 Answers to Everything",16.0,Non Fiction
83,DK,2014,4.5,2586,Ultimate Sticker Book: Frozen: More Than 60 Reusable Full-Color Stickers,5.0,Fiction
84,DK,2015,4.6,5360,Baby Touch and Feel: Animals,5.0,Non Fiction
85,Dale Carnegie,2014,4.7,25001,How to Win Friends & Influence People,11.0,Non Fiction
86,Dale Carnegie,2015,4.7,25001,How to Win Friends & Influence People,11.0,Non Fiction
87,Dale Carnegie,2016,4.7,25001,How to Win Friends & Influence People,11.0,Non Fiction
88,Dale Carnegie,2017,4.7,25001,How to Win Friends & Influence People,11.0,Non Fiction
89,Dale Carnegie,2018,4.7,25001,How to Win Friends & Influence People,11.0,Non Fiction
90,Dan Brown,2009,4.2,8747,The Lost Symbol,19.0,Fiction
91,Dan Brown,2013,4.1,29651,Inferno,14.0,Fiction
92,Dan Brown,2017,4.3,18904,Origin: A Novel (Robert Langdon),13.0,Fiction
93,Daniel H. Pink,2010,4.5,2525,Drive: The Surprising Truth About What Motivates Us,16.0,Non Fiction
94,Daniel James Brown,2014,4.8,23358,The Boys in the Boat: Nine Americans and Their Epic Quest for Gold at the 1936 Berlin Olympics,12.0,Non Fiction
95,Daniel James Brown,2015,4.8,23358,The Boys in the Boat: Nine Americans and Their Epic Quest for Gold at the 1936 Berlin Olympics,12.0,Non Fiction
96,Daniel Kahneman,2011,4.6,11034,"Thinking, Fast and Slow",19.0,Non Fiction
97,Daniel Kahneman,2012,4.6,11034,"Thinking, Fast and Slow",19.0,Non Fiction
98,Daniel Lipkowitz,2011,4.4,4247,The Lego Ideas Book: Unlock Your Imagination,13.0,Non Fiction
99,Daniel Lipkowitz,2012,4.4,4247,The Lego Ideas Book: Unlock Your Imagination,13.0,Non Fiction
100,Dav Pilkey,2017,4.9,4786,Dog Man: A Tale of Two Kitties: From the Creator of Captain Underpants (Dog Man #3),8.0,Fiction
101,Dav Pilkey,2018,4.9,5062,Dog Man and Cat Kid: From the Creator of Captain Underpants (Dog Man #4),6.0,Fiction
102,Dav Pilkey,2018,4.9,5470,Dog Man: Lord of the Fleas: From the Creator of Captain Underpants (Dog Man #5),6.0,Fiction
103,Dav Pilkey,2018,4.9,7235,Dog Man: Brawl of the Wild: From the Creator of Captain Underpants (Dog Man #6),4.0,Fiction
104,Dav Pilkey,2019,4.9,7235,Dog Man: Brawl of the Wild: From the Creator of Captain Underpants (Dog Man #6),4.0,Fiction
105,Dav Pilkey,2019,4.9,9089,Dog Man: For Whom the Ball Rolls: From the Creator of Captain Underpants (Dog Man #7),8.0,Fiction
106,Dav Pilkey,2019,4.9,12619,Dog Man: Fetch-22: From the Creator of Captain Underpants (Dog Man #8),8.0,Fiction
107,Dave Ramsey,2019,4.7,11550,The Total Money Makeover: Classic Edition: A Proven Plan for Financial Fitness,10.0,Non Fiction
108,David Goggins,2019,4.8,16244,Can't Hurt Me: Master Your Mind and Defy the Odds,18.0,Non Fiction
109,David Grann,2017,4.6,8393,Killers of the Flower Moon: The Osage Murders and the Birth of the FBI,17.0,Non Fiction
110,David McCullough,2015,4.7,6169,The Wright Brothers,16.0,Non Fiction
111,David Perlmutter MD,2014,4.6,5972,"Grain Brain: The Surprising Truth about Wheat, Carbs, and Sugar--Your Brain's Silent Killers",10.0,Non Fiction
112,David Platt,2010,4.7,1985,Radical: Taking Back Your Faith from the American Dream,9.0,Non Fiction
113,David Platt,2011,4.7,1985,Radical: Taking Back Your Faith from the American Dream,9.0,Non Fiction
114,David Zinczenko,2009,4.3,956,"Eat This, Not That! Thousands of Simple Food Swaps that Can Save You 10, 20, 30 Pounds--or More!",14.0,Non Fiction
115,David Zinczenko,2009,4.5,720,Eat This Not That! Supermarket Survival Guide: The No-Diet Weight Loss Solution,1.0,Non Fiction
116,Deborah Diesen,2017,4.8,9784,The Pout-Pout Fish,5.0,Fiction
117,Deborah Diesen,2018,4.8,9784,The Pout-Pout Fish,5.0,Fiction
119,Delia Owens,2019,4.8,87841,Where the Crawdads Sing,15.0,Fiction
120,Dinah Bucholz,2019,4.7,9030,The Unofficial Harry Potter Cookbook: From Cauldron Cakes to Knickerbocker Glory--More Than 150 Magical Recipes for…,10.0,Non Fiction
121,Don Miguel Ruiz,2013,4.7,23308,The Four Agreements: A Practical Guide to Personal Freedom (A Toltec Wisdom Book),6.0,Non Fiction
122,Don Miguel Ruiz,2015,4.7,23308,The Four Agreements: A Practical Guide to Personal Freedom (A Toltec Wisdom Book),6.0,Non Fiction
123,Don Miguel Ruiz,2016,4.7,23308,The Four Agreements: A Practical Guide to Personal Freedom (A Toltec Wisdom Book),6.0,Non Fiction
124,Don Miguel Ruiz,2017,4.7,23308,The Four Agreements: A Practical Guide to Personal Freedom (A Toltec Wisdom Book),6.0,Non Fiction
125,Don Miguel Ruiz,2018,4.7,23308,The Four Agreements: A Practical Guide to Personal Freedom (A Toltec Wisdom Book),6.0,Non Fiction
126,Don Miguel Ruiz,2019,4.7,23308,The Four Agreements: A Practical Guide to Personal Freedom (A Toltec Wisdom Book),6.0,Non Fiction
127,Donna Tartt,2013,3.9,33844,The Goldfinch: A Novel (Pulitzer Prize for Fiction),20.0,Fiction
128,Donna Tartt,2014,3.9,33844,The Goldfinch: A Novel (Pulitzer Prize for Fiction),20.0,Fiction
129,Doug Lemov,2010,4.4,637,Teach Like a Champion: 49 Techniques that Put Students on the Path to College,20.0,Non Fiction
130,Doug Lemov,2011,4.4,637,Teach Like a Champion: 49 Techniques that Put Students on the Path to College,20.0,Non Fiction
131,Dr. Seuss,2012,4.9,21834,"Oh, the Places You'll Go!",8.0,Fiction
132,Dr. Seuss,2013,4.9,21834,"Oh, the Places You'll Go!",8.0,Fiction
133,Dr. Seuss,2014,4.9,21834,"Oh, the Places You'll Go!",8.0,Fiction
134,Dr. Seuss,2015,4.7,1873,What Pet Should I Get? (Classic Seuss),14.0,Fiction
135,Dr. Seuss,2015,4.9,21834,"Oh, the Places You'll Go!",8.0,Fiction
136,Dr. Seuss,2016,4.9,21834,"Oh, the Places You'll Go!",8.0,Fiction
137,Dr. Seuss,2017,4.9,21834,"Oh, the Places You'll Go!",8.0,Fiction
138,Dr. Seuss,2018,4.9,21834,"Oh, the Places You'll Go!",8.0,Fiction
139,Dr. Seuss,2019,4.9,21834,"Oh, the Places You'll Go!",8.0,Fiction
140,Dr. Steven R Gundry MD,2018,4.4,7058,"The Plant Paradox: The Hidden Dangers in ""Healthy"" Foods That Cause Disease and Weight Gain",17.0,Non Fiction
141,Dr. Steven R Gundry MD,2018,4.5,3601,"The Plant Paradox Cookbook: 100 Delicious Recipes to Help You Lose Weight, Heal Your Gut, and Live Lectin-Free",18.0,Non Fiction
142,Drew Daywalt,2013,4.8,8922,The Day the Crayons Quit,9.0,Fiction
143,Drew Daywalt,2014,4.8,8922,The Day the Crayons Quit,9.0,Fiction
144,Drew Daywalt,2015,4.8,8922,The Day the Crayons Quit,9.0,Fiction
145,E L James,2012,3.8,47265,Fifty Shades of Grey: Book One of the Fifty Shades Trilogy (Fifty Shades of Grey Series),14.0,Fiction
146,E L James,2012,4.4,23631,Fifty Shades Darker,7.0,Fiction
147,E L James,2012,4.5,13964,Fifty Shades Trilogy (Fifty Shades of Grey / Fifty Shades Darker / Fifty Shades Freed),32.0,Fiction
148,E L James,2012,4.5,20262,Fifty Shades Freed: Book Three of the Fifty Shades Trilogy (Fifty Shades of Grey Series) (English Edition),11.0,Fiction
149,E L James,2013,3.8,47265,Fifty Shades of Grey: Book One of the Fifty Shades Trilogy (Fifty Shades of Grey Series),14.0,Fiction
150,E L James,2015,4.4,25624,Grey: Fifty Shades of Grey as Told by Christian (Fifty Shades of Grey Series),14.0,Fiction
151,Eben Alexander,2012,4.3,13616,Proof of Heaven: A Neurosurgeon's Journey into the Afterlife,10.0,Non Fiction
152,Eben Alexander,2013,4.3,13616,Proof of Heaven: A Neurosurgeon's Journey into the Afterlife,10.0,Non Fiction
153,Edward Klein,2012,4.6,2580,The Amateur,9.0,Non Fiction
154,Edward M. Kennedy,2009,4.5,438,True Compass: A Memoir,15.0,Non Fiction
155,Elie Wiesel,2016,4.7,5178,Night (Night),9.0,Non Fiction
156,Elizabeth Strout,2009,4.2,4519,Olive Kitteridge,12.0,Fiction
157,Emily Winfield Martin,2016,4.9,8842,The Wonderful Things You Will Be,10.0,Fiction
158,Emily Winfield Martin,2017,4.9,8842,The Wonderful Things You Will Be,10.0,Fiction
159,Emily Winfield Martin,2018,4.9,8842,The Wonderful Things You Will Be,10.0,Fiction
160,Emily Winfield Martin,2019,4.9,8842,The Wonderful Things You Will Be,10.0,Fiction
161,Eric Carle,2013,4.9,19546,The Very Hungry Caterpillar,5.0,Fiction
162,Eric Carle,2014,4.9,19546,The Very Hungry Caterpillar,5.0,Fiction
163,Eric Carle,2015,4.9,19546,The Very Hungry Caterpillar,5.0,Fiction
164,Eric Carle,2016,4.9,19546,The Very Hungry Caterpillar,5.0,Fiction
165,Eric Carle,2017,4.9,19546,The Very Hungry Caterpillar,5.0,Fiction
166,Eric Carle,2018,4.9,19546,The Very Hungry Caterpillar,5.0,Fiction
167,Eric Carle,2019,4.9,19546,The Very Hungry Caterpillar,5.0,Fiction
168,Eric Larson,2011,4.4,4571,"In the Garden of Beasts: Love, Terror, and an American Family in Hitler's Berlin",21.0,Non Fiction
169,Ernest Cline,2017,4.6,22536,Ready Player One: A Novel,12.0,Fiction
170,Ernest Cline,2018,4.6,22536,Ready Player One: A Novel,12.0,Fiction
171,F. A. Hayek,2010,4.6,1204,"The Road to Serfdom: Text and Documents--The Definitive Edition (The Collected Works of F. A. Hayek, Volume 2)",14.0,Non Fiction
172,F. Scott Fitzgerald,2012,4.4,11616,The Great Gatsby,7.0,Fiction
173,F. Scott Fitzgerald,2013,4.4,11616,The Great Gatsby,7.0,Fiction
174,F. Scott Fitzgerald,2014,4.4,11616,The Great Gatsby,7.0,Fiction
175,Francis Chan,2009,4.7,1542,Crazy Love: Overwhelmed by a Relentless God,14.0,Non Fiction
176,Francis Chan,2010,4.7,1542,Crazy Love: Overwhelmed by a Relentless God,14.0,Non Fiction
177,Francis Chan,2011,4.7,1542,Crazy Love: Overwhelmed by a Relentless God,14.0,Non Fiction
178,Fredrik Backman,2016,4.6,23848,A Man Called Ove: A Novel,8.0,Fiction
179,Fredrik Backman,2017,4.6,23848,A Man Called Ove: A Novel,8.0,Fiction
180,Gallup,2009,4.0,5069,StrengthsFinder 2.0,17.0,Non Fiction
181,Gallup,2010,4.0,5069,StrengthsFinder 2.0,17.0,Non Fiction
182,Gallup,2011,4.0,5069,StrengthsFinder 2.0,17.0,Non Fiction
183,Gallup,2012,4.0,5069,StrengthsFinder 2.0,17.0,Non Fiction
184,Gallup,2013,4.0,5069,StrengthsFinder 2.0,17.0,Non Fiction
185,Gallup,2014,4.0,5069,StrengthsFinder 2.0,17.0,Non Fiction
186,Gallup,2015,4.0,5069,StrengthsFinder 2.0,17.0,Non Fiction
187,Gallup,2016,4.0,5069,StrengthsFinder 2.0,17.0,Non Fiction
188,Gallup,2017,4.0,5069,StrengthsFinder 2.0,17.0,Non Fiction
189,Garth Stein,2010,4.7,11813,The Art of Racing in the Rain: A Novel,10.0,Fiction
190,Garth Stein,2011,4.7,11813,The Art of Racing in the Rain: A Novel,10.0,Fiction
191,Gary Chapman,2009,4.6,803,The Five Love Languages: How to Express Heartfelt Commitment to Your Mate,9.0,Non Fiction
192,Gary Chapman,2010,4.7,3477,The 5 Love Languages: The Secret to Love That Lasts,28.0,Non Fiction
193,Gary Chapman,2011,4.7,3477,The 5 Love Languages: The Secret to Love That Lasts,28.0,Non Fiction
194,Gary Chapman,2012,4.7,3477,The 5 Love Languages: The Secret to Love That Lasts,28.0,Non Fiction
195,Gary Chapman,2013,4.7,3477,The 5 Love Languages: The Secret to Love That Lasts,28.0,Non Fiction
196,Gary Chapman,2014,4.7,3477,The 5 Love Languages: The Secret to Love That Lasts,28.0,Non Fiction
197,Gary Chapman,2015,4.8,25554,The 5 Love Languages: The Secret to Love that Lasts,8.0,Non Fiction
198,Gary Chapman,2016,4.8,25554,The 5 Love Languages: The Secret to Love that Lasts,8.0,Non Fiction
199,Gary Chapman,2017,4.8,25554,The 5 Love Languages: The Secret to Love that Lasts,8.0,Non Fiction
200,Gary Chapman,2018,4.8,25554,The 5 Love Languages: The Secret to Love that Lasts,8.0,Non Fiction
201,Gary Chapman,2019,4.8,25554,The 5 Love Languages: The Secret to Love that Lasts,8.0,Non Fiction
202,Gayle Forman,2014,4.3,7153,If I Stay,9.0,Fiction
203,Geneen Roth,2010,4.2,1302,Women Food and God: An Unexpected Path to Almost Everything,11.0,Non Fiction
204,George Orwell,2017,4.7,21424,1984 (Signet Classics),6.0,Fiction
205,George R. R. Martin,2011,4.4,12643,A Dance with Dragons (A Song of Ice and Fire),11.0,Fiction
206,George R. R. Martin,2014,4.7,19735,A Game of Thrones / A Clash of Kings / A Storm of Swords / A Feast of Crows / A Dance with Dragons,30.0,Fiction
207,George R.R. Martin,2011,4.6,5594,Game of Thrones Boxed Set: A Game of Thrones/A Clash of Kings/A Storm of Swords/A Feast for Crows,5.0,Fiction
208,George R.R. Martin,2012,4.6,5594,Game of Thrones Boxed Set: A Game of Thrones/A Clash of Kings/A Storm of Swords/A Feast for Crows,5.0,Fiction
209,George R.R. Martin,2013,4.6,5594,Game of Thrones Boxed Set: A Game of Thrones/A Clash of Kings/A Storm of Swords/A Feast for Crows,5.0,Fiction
210,George W. Bush,2010,4.6,2137,Decision Points,17.0,Non Fiction
211,Giles Andreae,2015,4.8,14038,Giraffes Can't Dance,4.0,Fiction
212,Giles Andreae,2016,4.8,14038,Giraffes Can't Dance,4.0,Fiction
213,Giles Andreae,2017,4.8,14038,Giraffes Can't Dance,4.0,Fiction
214,Giles Andreae,2018,4.8,14038,Giraffes Can't Dance,4.0,Fiction
215,Giles Andreae,2019,4.8,14038,Giraffes Can't Dance,4.0,Fiction
216,Gillian Flynn,2012,4.0,57271,Gone Girl,10.0,Fiction
217,Gillian Flynn,2013,4.0,57271,Gone Girl,10.0,Fiction
218,Gillian Flynn,2014,4.0,57271,Gone Girl,9.0,Fiction
219,Glenn Beck,2009,4.6,798,Arguing with Idiots: How to Stop Small Minds and Big Government,5.0,Non Fiction
220,Glenn Beck,2009,4.6,1365,"Glenn Beck's Common Sense: The Case Against an Out-of-Control Government, Inspired by Thomas Paine",11.0,Non Fiction
221,Glenn Beck,2010,4.5,471,"Broke: The Plan to Restore Our Trust, Truth and Treasure",8.0,Non Fiction
222,Golden Books,2017,4.8,4757,Puppy Birthday to You! (Paw Patrol) (Little Golden Book),4.0,Fiction
223,Greg Mortenson,2009,4.3,3319,Three Cups of Tea: One Man's Mission to Promote Peace - One School at a Time,11.0,Non Fiction
224,Greg Mortenson,2010,4.3,3319,Three Cups of Tea: One Man's Mission to Promote Peace - One School at a Time,11.0,Non Fiction
225,Harper Lee,2013,4.8,26234,To Kill a Mockingbird,7.0,Fiction
226,Harper Lee,2014,4.8,26234,To Kill a Mockingbird,7.0,Fiction
227,Harper Lee,2015,3.6,14982,Go Set a Watchman: A Novel,19.0,Fiction
228,Harper Lee,2015,4.8,26234,To Kill a Mockingbird,7.0,Fiction
229,Harper Lee,2016,4.8,26234,To Kill a Mockingbird,7.0,Fiction
230,Harper Lee,2019,4.8,26234,To Kill a Mockingbird,7.0,Fiction
231,Heidi Murkoff,2011,4.4,3341,What to Expect When You're Expecting,9.0,Non Fiction
232,Hillary Rodham Clinton,2017,4.6,5492,What Happened,18.0,Non Fiction
233,Hopscotch Girls,2019,4.8,9737,"I Am Confident, Brave & Beautiful: A Coloring Book for Girls",7.0,Non Fiction
234,Howard Stern,2019,4.3,5272,Howard Stern Comes Again,16.0,Non Fiction
235,Ian K. Smith M.D.,2013,4.1,2272,Shred: The Revolutionary Diet: 6 Weeks 4 Inches 2 Sizes,6.0,Non Fiction
236,Ina Garten,2010,4.7,615,"Barefoot Contessa, How Easy Is That?: Fabulous Recipes & Easy Tips",21.0,Non Fiction
237,Ina Garten,2012,4.8,1296,Barefoot Contessa Foolproof: Recipes You Can Trust: A Cookbook,24.0,Non Fiction
238,Ina Garten,2014,4.5,1386,Make It Ahead: A Barefoot Contessa Cookbook,20.0,Non Fiction
239,J. D. Vance,2016,4.4,15526,Hillbilly Elegy: A Memoir of a Family and Culture in Crisis,14.0,Non Fiction
240,J. D. Vance,2017,4.4,15526,Hillbilly Elegy: A Memoir of a Family and Culture in Crisis,14.0,Non Fiction
241,J. K. Rowling,2016,4.8,13471,Harry Potter Paperback Box Set (Books 1-7),52.0,Fiction
242,J. K. Rowling,2019,4.9,7758,"Harry Potter and the Goblet of Fire: The Illustrated Edition (Harry Potter, Book 4) (4)",18.0,Fiction
243,J.K. Rowling,2012,3.3,9372,The Casual Vacancy,12.0,Fiction
244,J.K. Rowling,2016,4.0,23973,"Harry Potter and the Cursed Child, Parts 1 & 2, Special Rehearsal Edition Script",12.0,Fiction
245,J.K. Rowling,2016,4.7,4370,Fantastic Beasts and Where to Find Them: The Original Screenplay (Harry Potter),15.0,Fiction
246,J.K. Rowling,2016,4.9,10052,"Harry Potter and the Sorcerer's Stone: The Illustrated Edition (Harry Potter, Book 1)",22.0,Fiction
247,J.K. Rowling,2016,4.9,19622,"Harry Potter and the Chamber of Secrets: The Illustrated Edition (Harry Potter, Book 2)",30.0,Fiction
248,J.K. Rowling,2017,4.9,3146,"Harry Potter and the Prisoner of Azkaban: The Illustrated Edition (Harry Potter, Book 3)",30.0,Fiction
249,JJ Smith,2016,4.7,17350,10-Day Green Smoothie Cleanse,8.0,Non Fiction
250,James Comey,2018,4.7,5983,"A Higher Loyalty: Truth, Lies, and Leadership",3.0,Non Fiction
251,James Dashner,2014,4.5,10101,The Maze Runner (Book 1),8.0,Fiction
252,James Patterson,2009,4.6,1320,"I, Alex Cross",7.0,Fiction
253,James Patterson,2018,4.3,10191,The President Is Missing: A Novel,18.0,Fiction
254,Jay Asher,2017,4.5,7932,Thirteen Reasons Why,9.0,Fiction
255,Jaycee Dugard,2011,4.6,4149,A Stolen Life: A Memoir,32.0,Non Fiction
256,Jeff Kinney,2009,4.8,3181,"Dog Days (Diary of a Wimpy Kid, Book 4) (Volume 4)",12.0,Fiction
257,Jeff Kinney,2009,4.8,3837,Diary of a Wimpy Kid: The Last Straw (Book 3),15.0,Fiction
258,Jeff Kinney,2010,4.8,3796,"The Ugly Truth (Diary of a Wimpy Kid, Book 5)",12.0,Fiction
260,Jeff Kinney,2012,4.7,6377,"The Third Wheel (Diary of a Wimpy Kid, Book 7)",7.0,Fiction
262,Jeff Kinney,2014,4.8,6540,Diary of a Wimpy Kid: The Long Haul,22.0,Fiction
263,Jeff Kinney,2015,4.8,6169,Old School (Diary of a Wimpy Kid #10),7.0,Fiction
264,Jeff Kinney,2016,4.8,5118,Double Down (Diary of a Wimpy Kid #11),20.0,Fiction
266,Jeff Kinney,2018,4.8,5898,The Meltdown (Diary of a Wimpy Kid Book 13),8.0,Fiction
267,Jeff Kinney,2019,4.9,9413,Wrecking Ball (Diary of a Wimpy Kid Book 14),8.0,Fiction
268,Jen Sincero,2016,4.7,14331,You Are a Badass: How to Stop Doubting Your Greatness and Start Living an Awesome Life,8.0,Non Fiction
269,Jen Sincero,2017,4.7,14331,You Are a Badass: How to Stop Doubting Your Greatness and Start Living an Awesome Life,8.0,Non Fiction
270,Jen Sincero,2018,4.7,14331,You Are a Badass: How to Stop Doubting Your Greatness and Start Living an Awesome Life,8.0,Non Fiction
271,Jen Sincero,2019,4.7,14331,You Are a Badass: How to Stop Doubting Your Greatness and Start Living an Awesome Life,8.0,Non Fiction
272,Jennifer Smith,2018,4.4,7396,Instant Pot Pressure Cooker Cookbook: 500 Everyday Recipes for Beginners and Advanced Users. Try Easy and Healthy…,13.0,Non Fiction
273,Jennifer Smith,2019,4.4,7396,Instant Pot Pressure Cooker Cookbook: 500 Everyday Recipes for Beginners and Advanced Users. Try Easy and Healthy…,13.0,Non Fiction
274,Jill Twiss,2018,4.9,11881,"Last Week Tonight with John Oliver Presents A Day in the Life of Marlon Bundo (Better Bundo Book, LGBT Childrens Book)",13.0,Fiction
275,Jim Collins,2009,4.5,3457,Good to Great: Why Some Companies Make the Leap and Others Don't,14.0,Non Fiction
276,Jim Collins,2010,4.5,3457,Good to Great: Why Some Companies Make the Leap and Others Don't,14.0,Non Fiction
277,Jim Collins,2011,4.5,3457,Good to Great: Why Some Companies Make the Leap and Others Don't,14.0,Non Fiction
278,Jim Collins,2012,4.5,3457,Good to Great: Why Some Companies Make the Leap and Others Don't,14.0,Non Fiction
279,Joanna Gaines,2018,4.8,3776,Homebody: A Guide to Creating Spaces You Never Want to Leave,22.0,Non Fiction
280,Joanna Gaines,2018,4.8,9867,Magnolia Table: A Collection of Recipes for Gathering,16.0,Non Fiction
281,Joel Fuhrman MD,2011,4.5,6346,"Eat to Live: The Amazing Nutrient-Rich Program for Fast and Sustained Weight Loss, Revised Edition",9.0,Non Fiction
282,Joel Fuhrman MD,2012,4.5,6346,"Eat to Live: The Amazing Nutrient-Rich Program for Fast and Sustained Weight Loss, Revised Edition",9.0,Non Fiction
283,Johanna Basford,2015,4.7,5413,"Enchanted Forest: An Inky Quest and Coloring book (Activity Books, Mindfulness and Meditation, Illustrated Floral Prints…",9.0,Non Fiction
284,Johanna Basford,2015,4.7,9366,"Secret Garden: An Inky Treasure Hunt and Coloring Book (For Adults, mindfulness coloring)",9.0,Non Fiction
285,John Green,2012,4.7,50482,The Fault in Our Stars,13.0,Fiction
286,John Green,2013,4.7,50482,The Fault in Our Stars,13.0,Fiction
287,John Green,2014,4.5,8491,Looking for Alaska,7.0,Fiction
288,John Green,2014,4.7,50482,The Fault in Our Stars,10.0,Fiction
289,John Grisham,2010,4.3,3523,The Confession: A Novel,13.0,Fiction
290,John Grisham,2011,4.4,6222,The Litigators,18.0,Fiction
291,John Grisham,2012,4.3,14493,The Racketeer,18.0,Fiction
292,John Grisham,2013,4.5,23114,Sycamore Row (Jake Brigance),18.0,Fiction
293,John Grisham,2019,4.5,13609,The Guardians: A Novel,14.0,Fiction
294,John Heilemann,2010,4.4,1215,"Game Change: Obama and the Clintons, McCain and Palin, and the Race of a Lifetime",9.0,Non Fiction
295,Jon Meacham,2012,4.5,1904,Thomas Jefferson: The Art of Power,23.0,Non Fiction
296,Jon Stewart,2010,4.4,440,The Daily Show with Jon Stewart Presents Earth (The Book): A Visitor's Guide to the Human Race,11.0,Non Fiction
297,Jonathan Cahn,2012,4.6,11098,The Harbinger: The Ancient Mystery that Holds the Secret of America's Future,13.0,Fiction
298,Jordan B. Peterson,2018,4.7,18979,12 Rules for Life: An Antidote to Chaos,15.0,Non Fiction
299,Julia Child,2009,4.8,2926,"Mastering the Art of French Cooking, Vol. 2",27.0,Non Fiction
300,Justin Halpern,2010,4.7,1265,Sh*t My Dad Says,11.0,Non Fiction
301,Kathryn Stockett,2009,4.8,13871,The Help,6.0,Fiction
302,Kathryn Stockett,2010,4.8,13871,The Help,6.0,Fiction
303,Kathryn Stockett,2011,4.8,13871,The Help,7.5,Fiction
304,Keith Richards,2010,4.5,2752,Life,18.0,Non Fiction
305,Ken Follett,2012,4.5,10760,Winter of the World: Book Two of the Century Trilogy,15.0,Fiction
306,Kevin Kwan,2018,4.3,6143,Crazy Rich Asians (Crazy Rich Asians Trilogy),8.0,Fiction
307,Khaled Hosseini,2013,4.3,12159,And the Mountains Echoed,13.0,Fiction
308,Kristin Hannah,2015,4.8,49288,The Nightingale: A Novel,11.0,Fiction
309,Kristin Hannah,2016,4.8,49288,The Nightingale: A Novel,11.0,Fiction
310,Larry Schweikart,2010,4.6,460,A Patriot's History of the United States: From Columbus's Great Discovery to the War on Terror,2.0,Non Fiction
311,Laura Hillenbrand,2010,4.8,29673,"Unbroken: A World War II Story of Survival, Resilience, and Redemption",16.0,Non Fiction
312,Laura Hillenbrand,2011,4.8,29673,"Unbroken: A World War II Story of Survival, Resilience, and Redemption",16.0,Non Fiction
313,Laura Hillenbrand,2012,4.8,29673,"Unbroken: A World War II Story of Survival, Resilience, and Redemption",16.0,Non Fiction
314,Laura Hillenbrand,2014,4.8,29673,"Unbroken: A World War II Story of Survival, Resilience, and Redemption",14.5,Non Fiction
315,Laurel Randolph,2017,4.3,7368,The Instant Pot Electric Pressure Cooker Cookbook: Easy Recipes for Fast & Healthy Meals,7.0,Non Fiction
316,Laurel Randolph,2018,4.3,7368,The Instant Pot Electric Pressure Cooker Cookbook: Easy Recipes for Fast & Healthy Meals,7.0,Non Fiction
317,Lin-Manuel Miranda,2016,4.9,5867,Hamilton: The Revolution,54.0,Non Fiction
318,Lysa TerKeurst,2016,4.7,4585,"Uninvited: Living Loved When You Feel Less Than, Left Out, and Lonely",9.0,Non Fiction
319,Lysa TerKeurst,2019,4.8,7062,It's Not Supposed to Be This Way: Finding Unexpected Strength When Disappointments Leave You Shattered,12.0,Non Fiction
320,M Prefontaine,2019,4.6,7955,Difficult Riddles For Smart Kids: 300 Difficult Riddles And Brain Teasers Families Will Love (Books for Smart Kids),5.0,Non Fiction
321,Madeleine L'Engle,2018,4.5,5153,A Wrinkle in Time (Time Quintet),5.0,Fiction
322,Malcolm Gladwell,2009,4.4,3503,The Tipping Point: How Little Things Can Make a Big Difference,9.0,Non Fiction
323,Malcolm Gladwell,2009,4.6,10426,Outliers: The Story of Success,20.0,Non Fiction
324,Malcolm Gladwell,2010,4.6,10426,Outliers: The Story of Success,20.0,Non Fiction
325,Malcolm Gladwell,2013,4.4,4642,"David and Goliath: Underdogs, Misfits, and the Art of Battling Giants",13.0,Non Fiction
326,Margaret Atwood,2017,4.3,29442,The Handmaid's Tale,7.0,Fiction
327,Margaret Wise Brown,2017,4.8,8837,Goodnight Moon,5.0,Fiction
328,Margaret Wise Brown,2018,4.8,8837,Goodnight Moon,5.0,Fiction
329,Margaret Wise Brown,2019,4.8,8837,Goodnight Moon,5.0,Fiction
330,Marie Kondō,2015,4.5,22641,The Life-Changing Magic of Tidying Up: The Japanese Art of Decluttering and Organizing,11.0,Non Fiction
331,Marie Kondō,2016,4.5,22641,The Life-Changing Magic of Tidying Up: The Japanese Art of Decluttering and Organizing,11.0,Non Fiction
332,Marie Kondō,2017,4.5,22641,The Life-Changing Magic of Tidying Up: The Japanese Art of Decluttering and Organizing,11.0,Non Fiction
333,Marie Kondō,2019,4.5,22641,The Life-Changing Magic of Tidying Up: The Japanese Art of Decluttering and Organizing,11.0,Non Fiction
334,Marjorie Sarnat,2015,4.8,3871,Creative Haven Owls Coloring Book (Adult Coloring),5.0,Non Fiction
335,Marjorie Sarnat,2015,4.8,4022,Creative Haven Creative Cats Coloring Book (Adult Coloring),4.0,Non Fiction
336,Mark Hyman M.D.,2012,4.2,1789,"The Blood Sugar Solution: The UltraHealthy Program for Losing Weight, Preventing Disease, and Feeling Great Now!",14.0,Non Fiction
337,Mark Manson,2017,4.6,26490,The Subtle Art of Not Giving a F*ck: A Counterintuitive Approach to Living a Good Life,15.0,Non Fiction
338,Mark Manson,2018,4.6,26490,The Subtle Art of Not Giving a F*ck: A Counterintuitive Approach to Living a Good Life,15.0,Non Fiction
339,Mark Manson,2019,4.6,26490,The Subtle Art of Not Giving a F*ck: A Counterintuitive Approach to Living a Good Life,15.0,Non Fiction
340,Mark Owen,2012,4.6,8093,No Easy Day: The Autobiography of a Navy Seal: The Firsthand Account of the Mission That Killed Osama Bin Laden,14.0,Non Fiction
341,Mark R. Levin,2009,4.8,3828,Liberty and Tyranny: A Conservative Manifesto,15.0,Non Fiction
342,Mark R. Levin,2019,4.9,5956,Unfreedom of the Press,11.0,Non Fiction
343,Mark Twain,2010,4.2,491,"Autobiography of Mark Twain, Vol. 1",14.0,Non Fiction
344,Markus Zusak,2013,4.6,23148,The Book Thief,6.0,Fiction
345,Markus Zusak,2014,4.6,23148,The Book Thief,6.0,Fiction
346,Marty Noble,2015,4.6,2134,Dover Creative Haven Art Nouveau Animal Designs Coloring Book (Creative Haven Coloring Books),5.0,Non Fiction
347,Mary Ann Shaffer,2009,4.7,8587,The Guernsey Literary and Potato Peel Pie Society,10.0,Fiction
348,Maurice Sendak,2009,4.8,9967,Where the Wild Things Are,13.0,Fiction
349,Melissa Hartwig Urban,2015,4.6,7508,The Whole30: The 30-Day Guide to Total Health and Food Freedom,16.0,Non Fiction
350,Melissa Hartwig Urban,2016,4.6,7508,The Whole30: The 30-Day Guide to Total Health and Food Freedom,16.0,Non Fiction
351,Melissa Hartwig Urban,2017,4.6,7508,The Whole30: The 30-Day Guide to Total Health and Food Freedom,16.0,Non Fiction
352,Michael Lewis,2010,4.7,3536,The Big Short: Inside the Doomsday Machine,17.0,Non Fiction
353,Michael Pollan,2010,4.4,1555,Food Rules: An Eater's Manual,9.0,Non Fiction
354,Michael Wolff,2018,4.2,13677,Fire and Fury: Inside the Trump White House,6.0,Non Fiction
355,Michelle Obama,2018,4.8,61133,Becoming,11.0,Non Fiction
356,Michelle Obama,2019,4.8,61133,Becoming,11.0,Non Fiction
357,Mike Moreno,2011,4.3,2314,The 17 Day Diet: A Doctor's Plan Designed for Rapid Results,22.0,Non Fiction
358,Mitch Albom,2009,4.8,1930,Have a Little Faith: A True Story,4.0,Non Fiction
359,Muriel Barbery,2009,4.0,1859,The Elegance of the Hedgehog,11.0,Fiction
360,Naomi Kleinberg,2018,4.7,10820,P is for Potty! (Sesame Street) (Lift-the-Flap),5.0,Non Fiction
361,Naomi Kleinberg,2019,4.7,10820,P is for Potty! (Sesame Street) (Lift-the-Flap),5.0,Non Fiction
362,Nathan W. Pyle,2019,4.9,9382,Strange Planet (Strange Planet Series),6.0,Fiction
363,National Geographic Kids,2019,4.8,7665,"5,000 Awesome Facts (About Everything!) (National Geographic Kids)",12.0,Non Fiction
364,Neil deGrasse Tyson,2017,4.7,9374,Astrophysics for People in a Hurry,9.0,Non Fiction
365,Paper Peony Press,2018,4.4,7550,Lettering and Modern Calligraphy: A Beginner's Guide: Learn Hand Lettering and Brush Lettering,6.0,Non Fiction
366,Patrick Lencioni,2009,4.6,3207,The Five Dysfunctions of a Team: A Leadership Fable,6.0,Non Fiction
367,Patrick Lencioni,2010,4.6,3207,The Five Dysfunctions of a Team: A Leadership Fable,6.0,Non Fiction
368,Patrick Lencioni,2011,4.6,3207,The Five Dysfunctions of a Team: A Leadership Fable,6.0,Non Fiction
369,Patrick Lencioni,2012,4.6,3207,The Five Dysfunctions of a Team: A Leadership Fable,6.0,Non Fiction
370,Patrick Lencioni,2013,4.6,3207,The Five Dysfunctions of a Team: A Leadership Fable,6.0,Non Fiction
371,Patrick Thorpe,2013,4.9,5396,The Legend of Zelda: Hyrule Historia,20.0,Fiction
372,Paul Kalanithi,2016,4.8,13779,When Breath Becomes Air,14.0,Non Fiction
373,Paula Hawkins,2015,4.1,79446,The Girl on the Train,18.0,Fiction
374,Paula Hawkins,2016,4.1,79446,The Girl on the Train,7.0,Fiction
375,Paula McLain,2011,4.3,3759,The Paris Wife: A Novel,16.0,Fiction
376,Paulo Coelho,2014,4.7,35799,The Alchemist,39.0,Fiction
377,Pete Souza,2017,4.9,3192,Obama: An Intimate Portrait,22.0,Non Fiction
378,Peter A. Lillback,2010,4.5,408,George Washington's Sacred Fire,20.0,Non Fiction
379,Phil Robertson,2013,4.8,4148,"Happy, Happy, Happy: My Life and Legacy as the Duck Commander",11.0,Non Fiction
380,Pierre Dukan,2011,4.1,2023,"The Dukan Diet: 2 Steps to Lose the Weight, 2 Steps to Keep It Off Forever",15.0,Non Fiction
381,Pretty Simple Press,2019,4.6,10141,Good Days Start With Gratitude: A 52 Week Guide To Cultivate An Attitude Of Gratitude: Gratitude Journal,6.0,Non Fiction
382,R. J. Palacio,2013,4.8,21625,Wonder,9.0,Fiction
383,R. J. Palacio,2014,4.8,21625,Wonder,9.0,Fiction
384,R. J. Palacio,2015,4.8,21625,Wonder,9.0,Fiction
385,R. J. Palacio,2016,4.8,21625,Wonder,9.0,Fiction
386,R. J. Palacio,2017,4.8,21625,Wonder,9.0,Fiction
389,Rachel Hollis,2018,4.6,22288,"Girl, Wash Your Face: Stop Believing the Lies About Who You Are So You Can Become Who You Were Meant to Be",12.0,Non Fiction
390,Rachel Hollis,2019,4.6,7660,"Girl, Stop Apologizing: A Shame-Free Plan for Embracing and Achieving Your Goals",12.0,Non Fiction
391,Rachel Hollis,2019,4.6,22288,"Girl, Wash Your Face: Stop Believing the Lies About Who You Are So You Can Become Who You Were Meant to Be",12.0,Non Fiction
392,Raina Telgemeier,2019,4.8,5476,Guts,7.0,Non Fiction
393,Randall Munroe,2014,4.7,9292,What If?: Serious Scientific Answers to Absurd Hypothetical Questions,17.0,Non Fiction
394,Randy Pausch,2009,4.7,4028,The Last Lecture,9.0,Non Fiction
395,Ray Bradbury,2016,4.6,10721,Fahrenheit 451,8.0,Fiction
396,Ray Bradbury,2018,4.6,10721,Fahrenheit 451,8.0,Fiction
397,Rebecca Skloot,2010,4.7,9289,The Immortal Life of Henrietta Lacks,13.0,Non Fiction
398,Rebecca Skloot,2011,4.7,9289,The Immortal Life of Henrietta Lacks,9.0,Non Fiction
399,Rebecca Skloot,2012,4.7,9289,The Immortal Life of Henrietta Lacks,9.0,Non Fiction
400,Ree Drummond,2012,4.8,2876,The Pioneer Woman Cooks: Food from My Frontier,21.0,Non Fiction
401,Ree Drummond,2013,4.8,2663,"The Pioneer Woman Cooks: A Year of Holidays: 140 Step-by-Step Recipes for Simple, Scrumptious Celebrations",17.0,Non Fiction
402,Ree Drummond,2015,4.8,3428,"The Pioneer Woman Cooks: Dinnertime - Comfort Classics, Freezer Food, 16-minute Meals, and Other Delicious Ways to Solve…",14.0,Non Fiction
403,Rick Riordan,2009,4.8,4628,"The Last Olympian (Percy Jackson and the Olympians, Book 5)",7.0,Fiction
404,Rick Riordan,2010,4.6,2186,"The Red Pyramid (The Kane Chronicles, Book 1)",12.0,Fiction
405,Rick Riordan,2010,4.8,548,Percy Jackson and the Olympians Paperback Boxed Set (Books 1-3),2.0,Fiction
406,Rick Riordan,2010,4.8,4506,"The Lost Hero (Heroes of Olympus, Book 1)",14.0,Fiction
407,Rick Riordan,2010,4.8,4628,"The Last Olympian (Percy Jackson and the Olympians, Book 5)",7.0,Fiction
408,Rick Riordan,2011,4.7,1463,"The Throne of Fire (The Kane Chronicles, Book 2)",10.0,Fiction
409,Rick Riordan,2011,4.8,4290,"The Son of Neptune (Heroes of Olympus, Book 2)",10.0,Fiction
410,Rick Riordan,2012,4.8,2091,"The Serpent's Shadow (The Kane Chronicles, Book 3)",12.0,Fiction
411,Rick Riordan,2012,4.8,6247,"The Mark of Athena (Heroes of Olympus, Book 3)",10.0,Fiction
412,Rick Riordan,2013,4.8,6982,"The House of Hades (Heroes of Olympus, Book 4)",14.0,Fiction
413,Rick Riordan,2014,4.8,6600,The Blood of Olympus (The Heroes of Olympus (5)),11.0,Fiction
414,Rob Bell,2011,4.2,1649,"Love Wins: A Book About Heaven, Hell, and the Fate of Every Person Who Ever Lived",13.0,Non Fiction
415,Rob Elliott,2013,4.5,3673,Knock-Knock Jokes for Kids,4.0,Non Fiction
416,Rob Elliott,2013,4.6,6990,Laugh-Out-Loud Jokes for Kids,4.0,Non Fiction
417,Rob Elliott,2014,4.5,3673,Knock-Knock Jokes for Kids,4.0,Non Fiction
418,Rob Elliott,2014,4.6,6990,Laugh-Out-Loud Jokes for Kids,4.0,Non Fiction
419,Rob Elliott,2015,4.5,3673,Knock-Knock Jokes for Kids,4.0,Non Fiction
420,Rob Elliott,2015,4.6,6990,Laugh-Out-Loud Jokes for Kids,4.0,Non Fiction
421,Rob Elliott,2016,4.6,6990,Laugh-Out-Loud Jokes for Kids,4.0,Non Fiction
422,Rob Elliott,2017,4.6,6990,Laugh-Out-Loud Jokes for Kids,4.0,Non Fiction
423,Robert Jordan,2010,4.8,2282,"Towers of Midnight (Wheel of Time, Book Thirteen)",21.0,Fiction
424,Robert Munsch,2014,4.8,18613,Love You Forever,5.0,Fiction
425,Robert Munsch,2015,4.8,18613,Love You Forever,5.0,Fiction
426,Rod Campbell,2015,4.8,10922,Dear Zoo: A Lift-the-Flap Book,5.0,Fiction
427,Rod Campbell,2016,4.8,10922,Dear Zoo: A Lift-the-Flap Book,5.0,Fiction
428,Rod Campbell,2017,4.8,10922,Dear Zoo: A Lift-the-Flap Book,5.0,Fiction
429,Rod Campbell,2018,4.8,10922,Dear Zoo: A Lift-the-Flap Book,5.0,Fiction
430,Roger Priddy,2014,4.7,17323,First 100 Words,4.0,Non Fiction
431,Roger Priddy,2015,4.7,17323,First 100 Words,4.0,Non Fiction
432,Roger Priddy,2016,4.7,17323,First 100 Words,4.0,Non Fiction
433,Roger Priddy,2017,4.7,17323,First 100 Words,4.0,Non Fiction
434,Roger Priddy,2018,4.7,17323,First 100 Words,4.0,Non Fiction
435,Ron Chernow,2016,4.8,9198,Alexander Hamilton,13.0,Non Fiction
436,Rupi Kaur,2016,4.7,17739,Milk and Honey,8.0,Non Fiction
437,Rupi Kaur,2017,4.7,5487,The Sun and Her Flowers,9.0,Non Fiction
438,Rupi Kaur,2017,4.7,17739,Milk and Honey,8.0,Non Fiction
439,Rupi Kaur,2018,4.7,17739,Milk and Honey,8.0,Non Fiction
440,Rush Limbaugh,2013,4.9,7150,Rush Revere and the Brave Pilgrims: Time-Travel Adventures with Exceptional Americans (1),12.0,Fiction
441,Rush Limbaugh,2014,4.9,3836,Rush Revere and the First Patriots: Time-Travel Adventures With Exceptional Americans (2),12.0,Fiction
442,Samin Nosrat,2018,4.8,7802,"Salt, Fat, Acid, Heat: Mastering the Elements of Good Cooking",20.0,Non Fiction
443,Samin Nosrat,2019,4.8,7802,"Salt, Fat, Acid, Heat: Mastering the Elements of Good Cooking",20.0,Non Fiction
444,Sandra Boynton,2016,4.8,5249,The Going-To-Bed Book,5.0,Fiction
445,Sandra Boynton,2017,4.8,5249,The Going-To-Bed Book,5.0,Fiction
446,Sara Gruen,2011,4.5,8958,Water for Elephants: A Novel,12.0,Fiction
447,Sarah Palin,2009,4.6,1636,Going Rogue: An American Life,6.0,Non Fiction
448,Sarah Young,2011,4.9,19576,Jesus Calling: Enjoying Peace in His Presence (with Scripture References),8.0,Non Fiction
449,Sarah Young,2012,4.9,19576,Jesus Calling: Enjoying Peace in His Presence (with Scripture References),8.0,Non Fiction
450,Sarah Young,2013,4.9,19576,Jesus Calling: Enjoying Peace in His Presence (with Scripture References),8.0,Non Fiction
451,Sarah Young,2014,4.9,19576,Jesus Calling: Enjoying Peace in His Presence (with Scripture References),8.0,Non Fiction
452,Sarah Young,2015,4.9,19576,Jesus Calling: Enjoying Peace in His Presence (with Scripture References),8.0,Non Fiction
453,Sarah Young,2016,4.9,19576,Jesus Calling: Enjoying Peace in His Presence (with Scripture References),8.0,Non Fiction
454,Sasha O'Hara,2016,4.6,10369,Calm the F*ck Down: An Irreverent Adult Coloring Book (Irreverent Book Series),4.0,Non Fiction
455,Scholastic,2015,4.7,3564,Harry Potter Coloring Book,9.0,Non Fiction
456,Scholastic,2016,4.7,3503,Pokémon Deluxe Essential Handbook: The Need-to-Know Stats and Facts on Over 700 Pokémon,9.0,Fiction
457,School Zone,2018,4.8,23047,"School Zone - Big Preschool Workbook - Ages 4 and Up, Colors, Shapes, Numbers 1-10, Alphabet, Pre-Writing, Pre-Reading…",6.0,Non Fiction
458,School Zone,2019,4.8,23047,"School Zone - Big Preschool Workbook - Ages 4 and Up, Colors, Shapes, Numbers 1-10, Alphabet, Pre-Writing, Pre-Reading…",6.0,Non Fiction
459,Sherri Duskey Rinker,2012,4.9,7038,"Goodnight, Goodnight Construction Site (Hardcover Books for Toddlers, Preschool Books for Kids)",7.0,Fiction
460,Sherri Duskey Rinker,2013,4.9,7038,"Goodnight, Goodnight Construction Site (Hardcover Books for Toddlers, Preschool Books for Kids)",7.0,Fiction
461,Sheryl Sandberg,2013,4.5,6132,"Lean In: Women, Work, and the Will to Lead",13.0,Non Fiction
462,Sheryl Sandberg,2017,4.5,1831,"Option B: Facing Adversity, Building Resilience, and Finding Joy",9.0,Non Fiction
463,Silly Bear,2019,4.8,6108,Unicorn Coloring Book: For Kids Ages 4-8 (US Edition) (Silly Bear Coloring Books),4.0,Non Fiction
464,Stephen Kendrick,2009,4.8,1655,The Love Dare,13.0,Non Fiction
465,Stephen King,2009,4.3,6740,Under the Dome: A Novel,20.0,Fiction
466,Stephen King,2011,4.6,2052,11/22/63: A Novel,22.0,Fiction
467,Stephen King,2013,4.5,4748,Joyland (Hard Case Crime),12.0,Fiction
468,Stephen King,2013,4.7,15845,Doctor Sleep: A Novel,13.0,Fiction
469,Stephen R. Covey,2009,4.6,9325,The 7 Habits of Highly Effective People: Powerful Lessons in Personal Change,24.0,Non Fiction
470,Stephen R. Covey,2011,4.6,9325,The 7 Habits of Highly Effective People: Powerful Lessons in Personal Change,24.0,Non Fiction
471,Stephen R. Covey,2012,4.6,9325,The 7 Habits of Highly Effective People: Powerful Lessons in Personal Change,24.0,Non Fiction
472,Stephen R. Covey,2013,4.6,9325,The 7 Habits of Highly Effective People: Powerful Lessons in Personal Change,24.0,Non Fiction
473,Stephen R. Covey,2015,4.7,4725,The 7 Habits of Highly Effective People: Powerful Lessons in Personal Change,16.0,Non Fiction
474,Stephen R. Covey,2016,4.7,4725,The 7 Habits of Highly Effective People: Powerful Lessons in Personal Change,16.0,Non Fiction
475,Stephen R. Covey,2017,4.7,4725,The 7 Habits of Highly Effective People: Powerful Lessons in Personal Change,16.0,Non Fiction
476,Stephenie Meyer,2009,4.6,5680,New Moon (The Twilight Saga),10.0,Fiction
477,Stephenie Meyer,2009,4.6,9769,"Breaking Dawn (The Twilight Saga, Book 4)",13.0,Fiction
478,Stephenie Meyer,2009,4.7,3801,The Twilight Saga Collection,82.0,Fiction
479,Stephenie Meyer,2009,4.7,5505,Eclipse (Twilight Sagas),12.5,Fiction
480,Stephenie Meyer,2009,4.7,11676,"Twilight (The Twilight Saga, Book 1)",9.0,Fiction
482,Steve Harvey,2009,4.6,5013,"Act Like a Lady, Think Like a Man: What Men Really Think About Love, Relationships, Intimacy, and Commitment",17.0,Non Fiction
483,Steven D. Levitt,2009,4.5,1583,"Super Freakonomics: Global Cooling, Patriotic Prostitutes, and Why Suicide Bombers Should Buy Life Insurance",18.0,Non Fiction
484,Stieg Larsson,2009,4.4,10559,The Girl with the Dragon Tattoo (Millennium Series),2.0,Fiction
485,Stieg Larsson,2009,4.7,7251,The Girl Who Played with Fire (Millennium),16.0,Fiction
486,Stieg Larsson,2010,4.4,10559,The Girl with the Dragon Tattoo (Millennium Series),2.0,Fiction
487,Stieg Larsson,2010,4.7,7251,The Girl Who Played with Fire (Millennium Series),9.0,Fiction
488,Stieg Larsson,2010,4.7,7747,The Girl Who Kicked the Hornet's Nest (Millennium Trilogy),14.0,Fiction
489,Stieg Larsson,2011,4.7,7747,The Girl Who Kicked the Hornet's Nest (Millennium Trilogy),14.0,Fiction
490,Susan Cain,2012,4.6,10009,Quiet: The Power of Introverts in a World That Can't Stop Talking,20.0,Non Fiction
491,Susan Cain,2013,4.6,10009,Quiet: The Power of Introverts in a World That Can't Stop Talking,7.0,Non Fiction
492,Suzanne Collins,2010,4.5,26741,Mockingjay (The Hunger Games),8.0,Fiction
493,Suzanne Collins,2010,4.7,22614,Catching Fire (The Hunger Games),11.0,Fiction
494,Suzanne Collins,2010,4.7,32122,The Hunger Games,14.0,Fiction
495,Suzanne Collins,2011,4.5,26741,Mockingjay (The Hunger Games),8.0,Fiction
496,Suzanne Collins,2011,4.7,22614,Catching Fire (The Hunger Games),11.0,Fiction
497,Suzanne Collins,2011,4.7,32122,The Hunger Games (Book 1),8.0,Fiction
498,Suzanne Collins,2011,4.8,16949,The Hunger Games Trilogy Boxed Set (1),30.0,Fiction
499,Suzanne Collins,2012,4.5,26741,Mockingjay (The Hunger Games),8.0,Fiction
500,Suzanne Collins,2012,4.7,22614,Catching Fire (The Hunger Games),11.0,Fiction
501,Suzanne Collins,2012,4.7,32122,The Hunger Games (Book 1),8.0,Fiction
502,Suzanne Collins,2012,4.8,16949,The Hunger Games Trilogy Boxed Set (1),30.0,Fiction
503,Ta-Nehisi Coates,2015,4.7,10070,Between the World and Me,13.0,Non Fiction
504,Ta-Nehisi Coates,2016,4.7,10070,Between the World and Me,13.0,Non Fiction
505,Tara Westover,2018,4.7,28729,Educated: A Memoir,15.0,Non Fiction
506,Tara Westover,2019,4.7,28729,Educated: A Memoir,15.0,Non Fiction
507,Tatiana de Rosnay,2010,4.6,3619,Sarah's Key,10.0,Fiction
508,The College Board,2010,4.4,1201,The Official SAT Study Guide,40.0,Non Fiction
509,The College Board,2011,4.4,1201,The Official SAT Study Guide,40.0,Non Fiction
510,The College Board,2012,4.4,1201,The Official SAT Study Guide,40.0,Non Fiction
511,The College Board,2013,4.4,1201,The Official SAT Study Guide,40.0,Non Fiction
512,The College Board,2014,4.4,1201,The Official SAT Study Guide,40.0,Non Fiction
513,The College Board,2016,4.3,807,"The Official SAT Study Guide, 2016 Edition (Official Study Guide for the New Sat)",36.0,Non Fiction
514,The Staff of The Late Show with,2018,4.6,6669,Whose Boat Is This Boat?: Comments That Don't Help in the Aftermath of a Hurricane,12.0,Non Fiction
515,The Washington Post,2019,4.6,2744,The Mueller Report,12.0,Non Fiction
516,Thomas Campbell,2011,4.7,4633,The China Study: The Most Comprehensive Study of Nutrition Ever Conducted And the Startling Implications for Diet…,21.0,Non Fiction
517,Thomas Piketty,2014,4.5,2884,Capital in the Twenty First Century,28.0,Non Fiction
518,Thug Kitchen,2014,4.6,11128,Thug Kitchen: The Official Cookbook: Eat Like You Give a F*ck (Thug Kitchen Cookbooks),23.0,Non Fiction
519,Thug Kitchen,2015,4.6,11128,Thug Kitchen: The Official Cookbook: Eat Like You Give a F*ck (Thug Kitchen Cookbooks),23.0,Non Fiction
520,Thug Kitchen,2016,4.6,11128,Thug Kitchen: The Official Cookbook: Eat Like You Give a F*ck (Thug Kitchen Cookbooks),23.0,Non Fiction
521,Thug Kitchen,2017,4.6,11128,Thug Kitchen: The Official Cookbook: Eat Like You Give a F*ck (Thug Kitchen Cookbooks),23.0,Non Fiction
522,Timothy Ferriss,2011,4.3,4587,"The 4 Hour Body: An Uncommon Guide to Rapid Fat Loss, Incredible Sex and Becoming Superhuman",21.0,Non Fiction
523,Timothy Ferriss,2017,4.6,4360,"Tools of Titans: The Tactics, Routines, and Habits of Billionaires, Icons, and World-Class Performers",21.0,Non Fiction
524,Tina Fey,2011,4.3,5977,Tina Fey: Bossypants,12.0,Non Fiction
525,Todd Burpo,2011,4.7,15779,Heaven is for Real: A Little Boy's Astounding Story of His Trip to Heaven and Back,10.0,Non Fiction
526,Todd Burpo,2012,4.7,15779,Heaven is for Real: A Little Boy's Astounding Story of His Trip to Heaven and Back,10.0,Non Fiction
527,Tony Hsieh,2010,4.6,1651,"Delivering Happiness: A Path to Profits, Passion, and Purpose",15.0,Non Fiction
528,Tucker Carlson,2018,4.8,3923,Ship of Fools: How a Selfish Ruling Class Is Bringing America to the Brink of Revolution,16.0,Non Fiction
529,Veronica Roth,2013,3.9,6310,Allegiant,13.0,Fiction
530,Veronica Roth,2013,4.6,27098,Divergent,15.0,Fiction
531,Veronica Roth,2014,4.5,17684,Divergent / Insurgent,6.0,Fiction
532,Veronica Roth,2014,4.6,27098,Divergent,15.0,Fiction
533,W. Cleon Skousen,2009,4.8,1680,The 5000 Year Leap,12.0,Non Fiction
534,Walter Isaacson,2011,4.6,7827,Steve Jobs,20.0,Non Fiction
535,Walter Isaacson,2012,4.6,7827,Steve Jobs,20.0,Non Fiction
536,Walter Isaacson,2017,4.5,3014,Leonardo da Vinci,21.0,Non Fiction
537,William Davis,2012,4.4,7497,"Wheat Belly: Lose the Wheat, Lose the Weight, and Find Your Path Back to Health",6.0,Non Fiction
538,William Davis,2013,4.4,7497,"Wheat Belly: Lose the Wheat, Lose the Weight, and Find Your Path Back to Health",6.0,Non Fiction
539,William P. Young,2009,4.6,19720,The Shack: Where Tragedy Confronts Eternity,8.0,Fiction
540,William P. Young,2017,4.6,19720,The Shack: Where Tragedy Confronts Eternity,8.0,Fiction
541,Wizards RPG Team,2017,4.8,16990,Player's Handbook (Dungeons & Dragons),27.0,Fiction
542,Wizards RPG Team,2018,4.8,16990,Player's Handbook (Dungeons & Dragons),27.0,Fiction
543,Wizards RPG Team,2019,4.8,16990,Player's Handbook (Dungeons & Dragons),27.0,Fiction
544,Zhi Gang Sha,2009,4.6,37,"Divine Soul Mind Body Healing and Transmission System: The Divine Way to Heal You, Humanity, Mother Earth, and All…",6.0,Non Fiction
545,Zhi Gang Sha,2013,4.6,220,"Soul Healing Miracles: Ancient and New Sacred Wisdom, Knowledge, and Practical Techniques for Healing the Spiritual…",17.0,Non Fiction
